Dealer Group,Dealer Filters
Apple Autos,
Autobahn Fort Worth,
Autonation,
Basil Family Dealerships,
Carter Myers Automotive,
Darrow Automotive Group,
Faulkner Automotive Group,
Healey Brothers,
Holler-Classic Automotive Group,
Hudson Automotive Group - Region 1,Beaman CDJR
Hudson Automotive Group - Region 2,"BMW of Greensboro,
Fayetteville Dodge Ram,
Gastonia Nissan,
Greensboro Acura,
Greensboro CDJR,
Greensboro Honda,
Greensboro Nissan,
Honda of Huntersville,
Honda of Indian Trail,
Liberty Ford of Fayetteville,
Rock Hill Nissan,
Southpoint Honda,
Toyota of North Charlotte"
Hudson Automotive Group - Region 3,"Johnson City Toyota
Lexus of Greenville
Mazda of Spartanburg
Spartanburg Subaru
Mercedes-Benz of Cincinnati
Mercedes-Benz of West Chester
Mercedes-Benz Van Center
Spartanburg Toyota
Stonecrest Honda
Subaru of Spartanburg"
Hudson Automotive Group - Region 4,"All Star Chevrolet
All Star Chevrolet North
All Star Chrysler Dodge Jeep Ram
All Star Ford Denham Springs
All Star Ford Prairieville
All Star Hyundai
All Star Isuzu Trucks
All Star KIA
All Star Kia East
All Star Nissan
All Star Toyota of Baton Rouge
All Star Volvo
Genesis of Baton Rouge"
Hudson Automotive Group,
Marysville Toyota,
Middletown Honda,
Muller Honda of Gurnee,
Stream Auto Outlet,
Victory Automotive Group,
Yark Automotive Group,